evidence_id,verdict,why,valid_now,ability,evidence_type,correctness,context_family,rule_version,session_id,task_id,answer,hint,occurred_at
4b718653-807b-4e7a-8987-9f516da912a7,INVALIDATED,FE-1412 QA contamination (T1/T2/T3 fingerprint),False,app_rel,attempt_standard,0.0000,,mastery-v1.3,a347887d-bfd3-4264-83d3-71c8019723d1,9d5220ca-25c8-461d-8635-202650ef2d21,999,0,2026-09-29T07:37:46.960988+00:00
796c5a92-e22d-4a5e-8164-86642b9e7c2b,REAL,,True,app_rel,attempt_standard,1.0000,,mastery-v1.3,97a68253-3a4d-42c3-8d37-cb386fe0c5f7,8680de35-fe6d-41f9-84b8-a156f413948d,3,0,2026-09-29T07:38:12.166624+00:00
502271a8-7256-4b2e-8b6e-d0bb4a1ec7d8,INVALIDATED,FE-1412 QA contamination (T1/T2/T3 fingerprint),False,app_rel,attempt_standard,0.0000,,mastery-v1.3,a3b13194-226c-4cfd-9551-cf3de7a014f0,507c0220-bc6e-48ae-9dde-bd342293a41d,999,0,2026-09-29T08:27:28.883698+00:00
a39c2a99-05fc-45ca-bb09-fe1502509c62,INVALIDATED,,False,app_rel,attempt_standard,1.0000,,mastery-v1.3,a3b13194-226c-4cfd-9551-cf3de7a014f0,507c0220-bc6e-48ae-9dde-bd342293a41d,3,0,2026-09-29T08:27:29.499584+00:00
edf93729-cbf0-4068-a4ae-5e4ccf54de74,REAL,,True,app_rel,attempt_standard,1.0000,,mastery-v1.3,481c144e-3988-4dd7-b6ac-66c390415d44,4e02f633-1038-4636-afa4-11564bb4ef2c,3,0,2026-09-29T09:13:38.044699+00:00
1c5d9449-9b1f-4c4a-9c21-90449607ecff,REAL,,True,app_rel,attempt_standard,1.0000,,mastery-v1.3,481c144e-3988-4dd7-b6ac-66c390415d44,c94951d9-9e09-4f98-ad46-e8b28f9e3385,3,0,2026-09-29T09:13:47.277828+00:00
8c86709e-bd89-4c0d-98d5-030f1859f481,REAL,,True,app_strat,attempt_standard,1.0000,,mastery-v1.3,ed29a470-fe6f-495d-b42b-02e3bc2b8b75,e77502e0-0d48-4c30-9fbf-cd056c4e3b42,8,0,2026-09-29T09:14:30.812260+00:00
55ba71db-442a-489e-a4ee-76bda3fe7cf6,INVALIDATED,FE-1412 SUSPECT batch invalidated after user review (联调期手工快测指纹: elapsed_ms sessi,False,app_rel,attempt_standard,1.0000,,mastery-v1.3,dd09b545-f652-4d7a-b5b9-129fe08a6fcd,cc50fa93-a74f-48f1-a93a-ce6c2ccc0ba3,3,0,2026-09-29T09:29:24.350616+00:00
d1a0daee-6ae8-42cc-bf45-e8dc1ca6f34e,INVALIDATED,FE-1412 SUSPECT batch invalidated after user review (联调期手工快测指纹: elapsed_ms sessi,False,app_rel,attempt_standard,1.0000,,mastery-v1.3,dd09b545-f652-4d7a-b5b9-129fe08a6fcd,f14553c0-4e94-4837-9e26-28ae5855060a,7,0,2026-09-29T09:29:33.202866+00:00
87f6f15a-8fc6-4e14-8161-8284eef0cbb4,INVALIDATED,FE-1412 SUSPECT batch invalidated after user review (联调期手工快测指纹: elapsed_ms sessi,False,app_rel,attempt_standard,1.0000,,mastery-v1.3,dd09b545-f652-4d7a-b5b9-129fe08a6fcd,11b7f000-aa0a-4ec9-beb1-0ee535c91bad,8,0,2026-09-29T09:29:38.970596+00:00
6a0fda65-ccfa-45e0-9ffd-f72b5b8cd9c9,REAL,,True,app_rel,attempt_standard,0.0000,,mastery-v1.3,fb9da651-bc72-4089-a43b-ce2dc3228521,463b8b5d-ba62-4433-b56a-7ba24ec74af9,5,0,2026-09-29T09:41:18.921211+00:00
4c2291a3-1acc-4353-8d22-4792d0a566f6,REAL,,True,app_rel,attempt_standard,0.0000,,mastery-v1.3,fb9da651-bc72-4089-a43b-ce2dc3228521,37425dbc-162d-4d8e-a613-77f766b90537,5,0,2026-09-29T09:41:19.424486+00:00
08b1907b-25db-4957-9fdc-66b090e86f52,REAL,,True,app_rel,attempt_standard,1.0000,,mastery-v1.3,4ea34004-0194-4d89-a293-3f2f641a12f2,41957d85-97cd-464d-8b06-c4dc069de43e,3,0,2026-09-29T09:41:58.267396+00:00
cafcffd9-20d8-4ff0-8222-77b3bc755467,REAL,,True,app_rel,attempt_standard,1.0000,,mastery-v1.3,4ea34004-0194-4d89-a293-3f2f641a12f2,e3dc03de-948b-4f16-b61a-acb6e8097f46,7,0,2026-09-29T09:41:59.026630+00:00
d14c6103-029e-472a-83da-8b20b7f09d1f,REAL,,True,app_rel,attempt_standard,0.0000,,mastery-v1.3,731142c3-334d-4ca6-95e0-25a3acf244ab,baa4fe94-5799-46f4-9362-53b4026c6e7f,13,0,2026-09-29T12:51:54.765610+00:00
4262f652-0b73-4742-aa11-1196ae22ea39,INVALIDATED,FE-1412 SUSPECT batch invalidated after user review (联调期手工快测指纹: elapsed_ms sessi,False,app_cond,attempt_standard,0.0000,,mastery-v1.3,17d553eb-870d-42bf-a428-0fa05350164c,8072a299-fc71-474c-b01e-13643261f46a,1,0,2026-09-29T14:18:18.857716+00:00
b1a20754-26dd-409e-8399-8cdf157a00ba,INVALIDATED,,False,app_cond,attempt_standard,1.0000,,mastery-v1.3,17d553eb-870d-42bf-a428-0fa05350164c,8072a299-fc71-474c-b01e-13643261f46a,8,0,2026-09-29T14:18:25.906030+00:00
1a021e0c-e747-4e26-9420-80d46d704503,INVALIDATED,FE-1412 SUSPECT batch invalidated after user review (联调期手工快测指纹: elapsed_ms sessi,False,app_cond,attempt_standard,0.0000,,mastery-v1.3,17d553eb-870d-42bf-a428-0fa05350164c,05cdefbc-392c-4dad-9f15-476576fe8aea,2,0,2026-09-29T14:18:32.288121+00:00
f2ac362f-3114-401c-85df-b4c134c6a129,INVALIDATED,,False,app_cond,attempt_standard,1.0000,,mastery-v1.3,17d553eb-870d-42bf-a428-0fa05350164c,05cdefbc-392c-4dad-9f15-476576fe8aea,7,0,2026-09-29T14:18:41.407227+00:00
82822b2e-2808-4d35-9e42-7a86c3e03887,INVALIDATED,FE-1412 SUSPECT batch invalidated after user review (联调期手工快测指纹: elapsed_ms sessi,False,app_cond,attempt_standard,1.0000,,mastery-v1.3,17d553eb-870d-42bf-a428-0fa05350164c,ba15eb73-f258-4fa6-97f4-3175b6517ac1,8,0,2026-09-29T14:18:52.109832+00:00
2fbac95c-54a9-4f19-bf89-875443a35c51,REAL,,True,app_rel,attempt_standard,1.0000,,mastery-v1.3,c6158804-22df-48d9-ae81-640c6b1852bb,49b3a74d-fb50-4acf-83b4-2b530294ca97,3,0,2026-09-29T14:38:02.417028+00:00
b18a8854-eccb-49cf-9096-63a892ab8669,REAL,,True,app_rel,attempt_standard,1.0000,,mastery-v1.3,c6158804-22df-48d9-ae81-640c6b1852bb,9dfbf32c-b5dd-4894-be38-9bc5c82a09fa,7,0,2026-09-29T14:38:16.808693+00:00
5118841d-1342-404d-8b05-e1c087d92ae2,REAL,,True,app_rel,attempt_standard,1.0000,,mastery-v1.3,c6158804-22df-48d9-ae81-640c6b1852bb,a28f7015-0ce5-4cae-8368-76629866893c,11,0,2026-09-29T14:38:33.377390+00:00
121f2f42-2cd0-4e1c-af4c-e1e155413a5d,INVALIDATED,FE-1412 QA contamination (T1/T2/T3 fingerprint),False,app_transfer,attempt_transfer,0.0000,,mastery-v1.3,81f79774-4d8f-4e6b-b7f1-f0f2622fa0f9,25d4f45a-cd30-45a2-8be4-394b39b00d09,999,0,2026-09-30T03:17:13.233405+00:00
7db1c7ce-d553-492b-af58-55bbdab0729d,INVALIDATED,FE-1412 QA contamination (T1/T2/T3 fingerprint),False,app_model,attempt_standard,0.0000,,mastery-v1.3,c0154840-b793-4229-951a-d0937e4c8df9,7e05ec62-b6dc-4a3b-b1f0-554bd1e4390c,999,0,2026-09-30T03:30:49.050731+00:00
4c44aa96-4b91-4929-9638-ec2ef36cb1dd,INVALIDATED,FE-1412 QA contamination (T1/T2/T3 fingerprint),False,app_check,attempt_standard,0.0000,,mastery-v1.3,7356e23e-baee-4b4f-9647-3451abfdffb1,f8f8dd51-c384-4810-a335-d38fb454a748,999,0,2026-09-30T05:10:22.956009+00:00
02ba2309-ee20-4bf4-8342-87e1529fa003,INVALIDATED,FE-1412 QA contamination (T1/T2/T3 fingerprint),False,app_rel,attempt_standard,0.0000,,mastery-v1.3,483290c6-a076-4a6e-a308-1ec87cd8a3d9,f4572f1c-9c55-4927-9f7e-c6c8640a2340,999,0,2026-09-30T05:16:24.241286+00:00
0f41bc2a-6db9-4596-be25-dff7ce15c558,REAL,,True,app_rel,attempt_standard,0.0000,,mastery-v1.3.1,d5177cbe-2fb6-4e1b-83c4-737bdf37259b,7f206a1f-ec8d-4b00-8a4d-1b1fcf2ffcb8,1,0,2026-09-30T05:54:29.319538+00:00
fbe1c25f-e908-4965-bd6a-8c41edbdc466,REAL,,True,app_rel,retention_check,1.0000,,mastery-v1.3.1,d5177cbe-2fb6-4e1b-83c4-737bdf37259b,e54da9cf-95e0-4100-a770-9a399bff90dd,21,0,2026-09-30T05:54:59.871968+00:00
c1acd47b-d55e-47f0-894d-aabaa20f0830,REAL,,True,app_rel,retention_check,0.0000,,mastery-v1.3.1,d5177cbe-2fb6-4e1b-83c4-737bdf37259b,e2c620cd-c5e6-4b97-a0de-1f1ce078f725,7,0,2026-09-30T05:55:07.019715+00:00
39a372f3-9e24-4e50-8d79-8a49f1a49521,INVALIDATED,FE-1412 SUSPECT batch invalidated after user review (联调期手工快测指纹: elapsed_ms sessi,False,app_rel,retention_check,1.0000,,mastery-v1.3.1,e56058a0-dd82-4a6b-a39d-cc4837d6aa4d,ecd801b0-12bd-4909-9238-3a95cbf5b30f,8,0,2026-09-30T08:11:34.478788+00:00
575a195f-784b-48d0-9e36-b70222b06a95,INVALIDATED,FE-1412 SUSPECT batch invalidated after user review (联调期手工快测指纹: elapsed_ms sessi,False,app_rel,attempt_standard,1.0000,,mastery-v1.3.1,e56058a0-dd82-4a6b-a39d-cc4837d6aa4d,a1798563-c9f5-4c0d-8626-a074a495ab28,21,0,2026-09-30T08:11:48.342028+00:00
8c929760-5710-44a3-af72-8ef437d4716f,INVALIDATED,FE-1412 SUSPECT batch invalidated after user review (联调期手工快测指纹: elapsed_ms sessi,False,app_rel,attempt_standard,1.0000,,mastery-v1.3.1,e56058a0-dd82-4a6b-a39d-cc4837d6aa4d,695f5ffc-c179-429a-a447-a000519dd3f1,18,0,2026-09-30T08:11:57.454147+00:00
567b319b-5bcc-447b-a9ec-1bed7d3f2c72,INVALIDATED,FE-1412 SUSPECT batch invalidated after user review (联调期手工快测指纹: elapsed_ms sessi,False,app_strat,attempt_standard,1.0000,,mastery-v1.3.1,79170b16-9a4c-4873-be9a-ef5cb4ac0666,e398dd0b-bce2-44cb-8d74-a1dab99a4839,8,0,2026-09-30T08:15:06.387541+00:00
8303371d-69bc-447f-8dc5-bd909f0ae3fb,INVALIDATED,FE-1412 SUSPECT batch invalidated after user review (联调期手工快测指纹: elapsed_ms sessi,False,app_strat,attempt_standard,1.0000,,mastery-v1.3.1,79170b16-9a4c-4873-be9a-ef5cb4ac0666,a62fe881-1703-4c88-a379-0abd223e08d3,6,0,2026-09-30T08:15:13.304698+00:00
4f384282-da01-4c06-8ded-ae9e17bf4bf8,INVALIDATED,FE-1412 SUSPECT batch invalidated after user review (联调期手工快测指纹: elapsed_ms sessi,False,app_strat,attempt_standard,1.0000,,mastery-v1.3.1,79170b16-9a4c-4873-be9a-ef5cb4ac0666,c327e0ad-a24c-4f98-82c7-a6af5073f05b,3,0,2026-09-30T08:15:18.775461+00:00
f73f59cc-e823-4233-92fe-19952c790d18,INVALIDATED,FE-1412 stale derived window,False,app_strat,stability_window,,,mastery-v1.3.1,,,,,2026-09-30T08:20:30.476825+00:00
b0e7362d-546b-43b8-b820-b381baaedce1,REAL,,True,app_strat,attempt_standard,1.0000,,mastery-v1.3.1,f7796256-4fc6-42ab-970b-b88e041f5069,b607f6af-1b98-4f13-9b5c-5276471ec589,8,0,2026-09-30T08:20:30.476825+00:00
73f91b9d-c1b4-4c81-8a5b-f53bafe9d8b0,REAL,,True,app_strat,attempt_standard,1.0000,,mastery-v1.3.1,f7796256-4fc6-42ab-970b-b88e041f5069,263fc478-e0fa-4593-acbf-71aa50296905,11,0,2026-09-30T08:20:40.192732+00:00
0e39ff3a-8573-4e60-a2c4-a068160d2f72,REAL,,True,app_strat,attempt_standard,1.0000,,mastery-v1.3.1,f7796256-4fc6-42ab-970b-b88e041f5069,75581c9d-d324-4150-853b-0c6bad36ecce,11,0,2026-09-30T08:20:55.690329+00:00
f724a4e5-f66f-4197-9d06-45c7e828940f,REAL,,True,app_rel,attempt_standard,0.0000,before_after,mastery-v1.3.1,320d43a9-f8ff-46b4-b9c5-7d49de4e45e9,a336936b-580a-4750-8b0b-3255e2affca2,{'value': 40},0,2026-10-02T15:17:11.434922+00:00
bd489a61-5f9e-41c0-8f48-576e5c196ec5,INVALIDATED,FE-1412 QA contamination (T1/T2/T3 fingerprint),False,app_rd,attempt_standard,0.0000,school_objects,mastery-v1.3.1,032e7b9a-30cc-4b6d-b8c7-4f8ce0d62d89,47f93502-039c-4168-9782-a3cda7ddcc2e,999,0,2026-10-03T01:56:56.785650+00:00
1364f32f-3955-4958-9852-a3719c3cf902,REAL,,True,app_rel,attempt_standard,0.0000,before_after,mastery-v1.3.1,032e7b9a-30cc-4b6d-b8c7-4f8ce0d62d89,713229a6-8c65-4127-8ac4-3742cf008409,{'value': 1},0,2026-10-03T01:56:58.505456+00:00
f4416ef7-ed69-4c9a-962f-73484a4f6b41,REAL,,True,app_rel,attempt_standard,1.0000,before_after,mastery-v1.3.1,91a755f2-3e49-4101-ac00-343dbfc5c818,14d36a9b-10d7-4d88-a9ff-8d7afdea752f,{'value': 75},0,2026-10-03T02:38:44.081906+00:00
d47fbcd4-1f60-4578-bc57-6d3aebec8fb3,REAL,,True,app_rel,attempt_standard,0.0000,before_after,mastery-v1.3.1,14b243f4-8cae-473f-a60b-d03bb65e1db1,cf9053b8-3c63-4e24-870f-7acd870d2291,{'value': 65},0,2026-10-04T01:49:19.023662+00:00
008b2924-5944-47a9-a9c2-057b4bad355a,REAL,,True,app_rel,attempt_standard,0.0000,before_after,mastery-v1.3.1,15ebc34f-3c51-4fd5-ad58-12ea527f5fc7,0c2aaaf8-d701-4c7c-962d-b2513eb19d7d,{'value': 65},0,2026-10-04T02:44:15.445556+00:00
63c5f192-6688-4a22-86c4-acdbb061a427,REAL,,True,app_rel,retention_check,1.0000,before_after,mastery-v1.3.1,8cf76a2d-4eed-4f95-b110-aacca19a7da1,da6bde64-34e5-417d-9400-0dd2771ad01a,{'value': 75},0,2026-10-04T02:45:47.729143+00:00
1ac55948-0c11-4e01-81c5-03210b584414,REAL,,True,app_rel,retention_check,0.0000,before_after,mastery-v1.3.1,cce9b19c-0620-42b4-a713-2c16f5e341cb,65b5e98c-cf4c-40af-b7c1-025101f6919b,{'value': 65},0,2026-10-04T02:47:18.660937+00:00
da17f63a-2211-4880-b41b-141a1393fe80,REAL,,True,app_rel,retention_check,1.0000,before_after,mastery-v1.3.1,250efafe-5f8d-4132-85ac-6f600c9a71e6,9bdbe17e-48a5-40c0-bf0a-1e103d734acb,{'value': 75},0,2026-10-04T02:48:49.642319+00:00
898da22f-627f-4026-8df6-64dafdd0e256,REAL,,True,app_rel,attempt_standard,1.0000,before_after,mastery-v1.3.1,cdd6311f-2274-4684-aa53-9fd079f0b609,71e31918-ae56-45b2-bd8f-fceb2987e053,{'value': 75},0,2026-10-04T02:48:58.242155+00:00
2ac5194c-0784-4f9d-9bf5-382fed6ad281,REAL,,True,app_rel,attempt_standard,1.0000,before_after,mastery-v1.3.1,56eb477b-0a58-420f-a376-aacfdefccee3,cd2a684c-2a23-47fd-ab83-4e18bfd52c8e,{'value': 75},0,2026-10-04T02:50:26.486799+00:00
0ff7dedb-0eeb-45c4-8155-000f45c0c4ef,REAL,,True,app_rel,attempt_standard,1.0000,before_after,mastery-v1.3.1,cb443ca1-3946-4d1d-932d-0950fc488fe3,10bacb3a-2fca-4fa4-a8af-b66668ddfc12,{'value': 75},0,2026-10-04T02:51:58.886506+00:00
d76968a0-afd3-4fbd-98f7-814d65aa6511,REAL,,True,app_rel,attempt_standard,1.0000,before_after,mastery-v1.3.1,55dfd025-d636-4757-8e71-d95e28b2c19d,23a7d0a0-e501-4b26-8bd4-7e53cb1a718d,{'value': 75},0,2026-10-04T02:54:06.442505+00:00
55dfac72-058e-4ff2-bcf4-09116d8f1173,REAL,,True,app_rel,attempt_standard,0.0000,before_after,mastery-v1.3.1,4934a730-2f58-475d-8815-364658a63536,22de8252-798d-4d10-a06d-aa78e2e787d1,{'value': 65},0,2026-10-04T02:56:14.488111+00:00
8776abf2-4ac4-448f-90be-fa2bf953b16a,INVALIDATED,FE-1412 QA contamination (T1/T2/T3 fingerprint),False,app_rel,attempt_standard,0.0000,before_after,mastery-v1.3.1,47c4adf5-2a59-4dc6-b351-acb3a75bd11a,4d4986a9-16be-4613-abab-f4bf03f4546e,{'value': 65},0,2026-10-04T03:03:30.431859+00:00
313c12c6-de49-40ad-a9e5-00c759056abf,INVALIDATED,FE-1412 QA contamination (T1/T2/T3 fingerprint),False,app_rel,attempt_standard,0.0000,before_after,mastery-v1.3.1,85f9dfa3-43ec-4127-95e7-51bea83c36a1,da5b7e73-59af-4f03-9e5c-41a792dba2dd,{'value': 65},0,2026-10-04T03:03:31.121713+00:00
cf672f8d-d48d-48c7-94ed-3cb5ba73d8ef,INVALIDATED,FE-1412 QA contamination (T1/T2/T3 fingerprint),False,app_rel,retention_check,1.0000,before_after,mastery-v1.3.1,c63afa1d-18e0-4715-86af-ef6702ac4af9,f7a0df7c-78f2-4c4a-8269-ca4ef62fb208,{'value': 75},0,2026-10-04T03:08:08.307889+00:00
17d76e9d-686f-489d-a3ce-1bd558ddfee5,INVALIDATED,FE-1412 QA contamination (T1/T2/T3 fingerprint),False,app_rel,retention_check,1.0000,before_after,mastery-v1.3.1,a595d3f7-64d7-413a-96eb-b8c77ee87b22,155a33f7-e9ab-48a4-9f9a-1365d4482c75,{'value': 75},0,2026-10-04T03:08:08.402474+00:00
11ebf1f2-b5a8-476d-9d50-996925c7e65c,INVALIDATED,FE-1412 QA contamination (T1/T2/T3 fingerprint),False,app_rel,retention_check,0.0000,before_after,mastery-v1.3.1,38073bce-43e5-4e0c-bb20-4e49d27407ba,c44dfb0d-f799-481d-80e5-c0b42af4ee59,{'value': 65},0,2026-10-04T03:12:11.623533+00:00
8bbee09d-acb9-43e3-ad99-06c96c32ad65,INVALIDATED,FE-1412 QA contamination (T1/T2/T3 fingerprint),False,app_rel,retention_check,0.0000,before_after,mastery-v1.3.1,d2105227-7009-4739-bb22-a02debb1b0c1,18d1bb06-c20a-41dd-80aa-ca926f9c9d1e,{'value': 65},0,2026-10-04T03:12:11.824323+00:00
24fb9769-b6d6-4eca-aa38-3a6c6dfe2bf2,INVALIDATED,FE-1412 QA contamination (T1/T2/T3 fingerprint),False,app_rel,retention_check,0.0000,before_after,mastery-v1.3.1,bdbfe6b7-0e18-4f66-86ff-eac8a7a4cdff,2b9c586a-bc67-42a0-9f44-b189c44eba2d,{'value': 65},0,2026-10-04T03:13:37.092290+00:00
30ecba6a-1d5d-4a70-be3d-25685a1a74bc,INVALIDATED,FE-1412 QA contamination (T1/T2/T3 fingerprint),False,app_rel,retention_check,1.0000,before_after,mastery-v1.3.1,b7fafacc-438f-467e-8908-7d2b8360e054,2fe3a6ef-09e0-4bc4-b1b2-89b2b701b468,{'value': 75},0,2026-10-04T03:18:17.835930+00:00
1ad68696-7df1-4d6c-a1d8-fe4614e71994,INVALIDATED,FE-1412 QA contamination (T1/T2/T3 fingerprint),False,app_rel,attempt_standard,0.0000,before_after,mastery-v1.3.1,c2af71e1-3a57-4ba8-a2b3-266eec74ba70,73327ad6-4a72-44ee-bdf3-04a9ba3993e0,{'value': 65},0,2026-10-04T03:22:18.495391+00:00
6b2d1b53-5f33-4dde-a9ca-9297c845e1d5,REAL,,True,app_rel,retention_check,0.0000,before_after,mastery-v1.3.1,233ad18d-e4f2-4a60-ac4b-141c8680eb94,ea928d31-d603-4be4-b334-bf0858c91f29,{'value': 65},0,2026-10-04T03:25:46.208054+00:00
2704c907-8695-40fd-9894-d0bd1da2242c,REAL,,True,app_rel,retention_check,1.0000,before_after,mastery-v1.3.1,0918204e-b5c3-4c1f-9438-e2636d657635,a1b2e4b9-8793-4f97-a728-14a96f5b8ee5,{'value': 75},0,2026-10-04T03:28:10.049802+00:00
72ddcdfa-479e-4f3e-bc44-983ea700742a,INVALIDATED,FE-1412 QA contamination (T1/T2/T3 fingerprint),False,app_rel,retention_check,1.0000,before_after,mastery-v1.3.1,23d21e51-5869-4752-b6f1-6d3aa88027ab,f2e6285b-9d32-43c1-9ca6-9cb18edcaa9a,{'value': 75},0,2026-10-04T03:29:59.312897+00:00
b391dff7-c230-4ed1-b014-f54693560e68,INVALIDATED,FE-1412 QA contamination (T1/T2/T3 fingerprint),False,app_rel,attempt_standard,0.0000,before_after,mastery-v1.3.1,8da8800c-099f-4031-9e5d-bba8c6ac0fa7,23ff9f02-7213-491a-87a2-15453721319f,{'value': 65},0,2026-10-04T03:30:51.722071+00:00
7634bf6c-c4a8-4c40-93f8-7d320bb60b33,INVALIDATED,FE-1412 QA contamination (T1/T2/T3 fingerprint),False,app_rel,attempt_standard,1.0000,before_after,mastery-v1.3.1,854abfe6-b801-40a9-bfde-68bdcbaffbf3,89baeaf2-942c-4803-b73b-962cce2f5043,{'value': 75},0,2026-10-04T03:30:52.851373+00:00
07f8af12-b622-4f9a-a6c4-4e8e22824c83,INVALIDATED,FE-1412 QA contamination (T1/T2/T3 fingerprint),False,app_rel,attempt_standard,0.0000,before_after,mastery-v1.3.1,0103475c-30d5-4a45-a42f-15e11df01c2c,970114d6-c12e-472c-aff4-84202e4357bb,{'value': 65},0,2026-10-04T03:30:53.812832+00:00
a141e73f-0e1a-450f-aece-64b453fee1d7,INVALIDATED,FE-1412 QA contamination (T1/T2/T3 fingerprint),False,app_rel,retention_check,1.0000,before_after,mastery-v1.3.1,e9fbbb05-175c-4c2e-a39f-bec5d005e30d,77958e39-6aa6-4220-adb1-f717b2d1460b,{'value': 75},0,2026-10-04T03:31:33.311487+00:00
b90627aa-606a-4f0e-8456-7aa6057e9d12,INVALIDATED,FE-1412 QA contamination (T1/T2/T3 fingerprint),False,app_rel,retention_check,1.0000,before_after,mastery-v1.3.1,b9e0a394-d5e9-4464-8062-2e67f00adb77,1bff7047-9add-4613-82aa-a67480da7eb0,{'value': 75},0,2026-10-04T03:31:36.765011+00:00
b3321397-d029-429a-adaf-2be6cc2fe72c,INVALIDATED,FE-1412 QA contamination (T1/T2/T3 fingerprint),False,app_rel,retention_check,1.0000,before_after,mastery-v1.3.1,07e6c969-1ad8-4bd1-974c-4216526c37d3,d195aedc-b44c-497f-ab15-d39d34459be7,{'value': 75},0,2026-10-04T03:31:38.296637+00:00
e232b1b6-9689-454c-9814-cc5e0de06c15,INVALIDATED,FE-1412 QA contamination (T1/T2/T3 fingerprint),False,app_rel,retention_check,1.0000,before_after,mastery-v1.3.1,cbde97e1-179d-4779-b418-837eaa985370,3a8568a7-b855-4a75-88ea-cf3b2a125e65,{'value': 75},0,2026-10-04T03:31:39.964622+00:00
1110894e-71c2-4f49-a75f-386eb989d3ed,INVALIDATED,FE-1412 QA contamination (T1/T2/T3 fingerprint),False,app_rel,attempt_standard,0.0000,before_after,mastery-v1.3.1,56905e93-977b-47fa-ae83-e06170fb4793,2caa310b-2364-4e24-8e79-898338d1d352,{'value': 65},0,2026-10-04T03:34:30.856776+00:00
554f12ca-1946-4ceb-8ab3-a041848b0241,INVALIDATED,FE-1412 QA contamination (T1/T2/T3 fingerprint),False,app_rel,attempt_standard,1.0000,before_after,mastery-v1.3.1,1cd9ac23-7635-4cfe-ad5b-9991f72ec6dd,558efe5b-cf38-4135-ab61-3ddf08fad43a,{'value': 75},0,2026-10-04T03:34:31.928402+00:00
4b578c2e-7950-4f6c-a9c9-b034b89355b5,INVALIDATED,FE-1412 QA contamination (T1/T2/T3 fingerprint),False,app_rel,attempt_standard,0.0000,before_after,mastery-v1.3.1,0b3b8e96-ec5d-4175-8975-4ec76bce270a,e1a62a63-228b-4502-9d05-59fe7307274e,{'value': 65},0,2026-10-04T03:34:32.837312+00:00
62cfd01c-ce64-413f-916c-53bf4d20aa5c,INVALIDATED,FE-1412 QA contamination (T1/T2/T3 fingerprint),False,app_rel,attempt_standard,1.0000,before_after,mastery-v1.3.1,6aa96341-4ae2-47a2-bf64-bd75ed8a3991,f07bc5e3-2dfc-4042-9da0-40c2a12e17c9,{'value': 75},0,2026-10-04T03:34:34.115752+00:00
a349ccfc-e4a0-46a4-a334-11bb5c9b426d,INVALIDATED,FE-1412 QA contamination (T1/T2/T3 fingerprint),False,app_rel,attempt_standard,1.0000,before_after,mastery-v1.3.1,e7cae33d-57fe-4bcc-9e53-6f769988ef8b,5de1bf8e-45ee-4940-8880-acaf83ac17ba,{'value': 75},0,2026-10-04T03:34:37.220704+00:00
bc8639e5-91fd-454d-95df-f13ba11a5db7,INVALIDATED,FE-1412 QA contamination (T1/T2/T3 fingerprint),False,app_rel,attempt_standard,1.0000,before_after,mastery-v1.3.1,4a8ce908-3b59-4f77-abe2-5683de7642e8,b7095caa-e2ad-45cc-ac31-e39dbd2ef719,{'value': 75},0,2026-10-04T03:34:39.068958+00:00
e6d12934-20fd-4fea-a105-2ecca26b1b80,INVALIDATED,FE-1412 QA contamination (T1/T2/T3 fingerprint),False,app_rel,attempt_standard,1.0000,before_after,mastery-v1.3.1,80835551-a322-4247-85e2-fa51590f14be,e2b96304-fbd1-4dde-b10d-40c927393459,{'value': 75},0,2026-10-04T03:34:40.052868+00:00
7eadda54-02f3-4b67-961e-e9262b688fc6,INVALIDATED,FE-1412 QA contamination (T1/T2/T3 fingerprint),False,app_cond,retention_check,0.0000,,mastery-v1.3.1,af12a26b-b518-456a-a928-3582b32d6599,948d54fe-2781-4cb6-bf29-792e74534f79,3,0,2026-10-04T03:34:41.113689+00:00
f222929e-2363-48af-a1c3-cd11bfecaf0e,INVALIDATED,FE-1412 QA contamination (T1/T2/T3 fingerprint),False,app_rel,attempt_standard,0.0000,before_after,mastery-v1.3.1,a5c6dd0b-dd73-479a-b93a-f79b5c11b045,514416bd-2b8c-451d-a2fc-5d58c6d95155,{'value': 65},0,2026-10-04T04:10:44.134519+00:00
1a3985e2-9cb1-4ef6-b4d8-acbf8446a176,INVALIDATED,FE-1412 QA contamination (T1/T2/T3 fingerprint),False,app_rel,attempt_standard,1.0000,before_after,mastery-v1.3.1,58f11e91-da21-4584-a513-a1f6b3d227e3,5b6560c0-ea39-4703-a231-2624cb1a63ad,{'value': 75},0,2026-10-04T04:10:45.144288+00:00
2e547c17-499d-4cea-bb85-cac677df82ee,INVALIDATED,FE-1412 QA contamination (T1/T2/T3 fingerprint),False,app_rel,attempt_standard,0.0000,before_after,mastery-v1.3.1,3991bee3-39aa-4253-9718-d8b50eb5aa8b,02a89bae-78ee-49d5-890c-0b5003015dfc,{'value': 65},0,2026-10-04T04:10:46.036933+00:00
0ff28d22-5373-4307-9338-5966d797c0e6,INVALIDATED,FE-1412 QA contamination (T1/T2/T3 fingerprint),False,app_rel,attempt_standard,1.0000,before_after,mastery-v1.3.1,58dcb81b-fa78-454a-9009-531ef3a89a58,c2f999ed-4f6e-42ea-8622-c006ae3af572,{'value': 75},0,2026-10-04T04:10:47.234578+00:00
5f3440c7-59a9-4bee-a559-4dca880358e8,INVALIDATED,FE-1412 QA contamination (T1/T2/T3 fingerprint),False,app_rel,attempt_standard,1.0000,before_after,mastery-v1.3.1,224d615d-8be3-42b0-93fc-9f66d24aa348,a58df347-e017-43d1-8738-c0af7e29a5e4,{'value': 75},0,2026-10-04T04:10:50.315597+00:00
6c661efc-cb18-4421-a2f2-38561b92555a,INVALIDATED,FE-1412 QA contamination (T1/T2/T3 fingerprint),False,app_rel,attempt_standard,1.0000,before_after,mastery-v1.3.1,a049af48-9318-419d-8813-7b30942a6072,b9b7bacf-071a-45ba-b04f-4a60642acd75,{'value': 75},0,2026-10-04T04:10:51.898603+00:00
2b3d52ab-fee7-4faa-b542-267642338155,INVALIDATED,FE-1412 QA contamination (T1/T2/T3 fingerprint),False,app_rel,attempt_standard,1.0000,before_after,mastery-v1.3.1,1ba9a0ce-a894-4043-82ac-8e780f5c4658,e289e101-f4d9-4add-88ec-d127243e9527,{'value': 75},0,2026-10-04T04:10:54.030988+00:00
903af93c-9105-40e1-8f8c-f3f17df1243c,INVALIDATED,FE-1412 stale derived window,False,app_cond,stability_window,,,mastery-v1.3.1,,,,,2026-10-04T04:10:55.232392+00:00
73ad6a26-a257-44cc-b639-a97a0d2bb4e2,INVALIDATED,FE-1412 QA contamination (T1/T2/T3 fingerprint),False,app_cond,retention_check,0.0000,,mastery-v1.3.1,d2f2df4e-69de-4659-a10f-03b841721851,22585f2e-27d6-484e-9dcb-870f195184bd,3,0,2026-10-04T04:10:55.232392+00:00
a42a44f4-be31-4394-bbab-f9d2543e2047,INVALIDATED,FE-1412 QA contamination (T1/T2/T3 fingerprint),False,app_rel,attempt_standard,0.0000,before_after,mastery-v1.3.1,3c6c70a2-0666-401b-be79-35345c8c3e5f,f4c5ecb7-f758-4940-a06d-cc3d94a15264,{'value': 65},0,2026-10-04T04:12:42.315818+00:00
33492ea7-7d1a-41d8-91e9-c0985dd62557,INVALIDATED,FE-1412 QA contamination (T1/T2/T3 fingerprint),False,app_rel,attempt_standard,1.0000,before_after,mastery-v1.3.1,aa237c75-8fe1-4d6e-89d3-ba827c8ebfd2,94013632-fe5d-4210-b9dd-2cb62b7d2ddb,{'value': 75},0,2026-10-04T04:12:43.231823+00:00
d1ca5e44-7de3-4fc8-9f1d-d234ae90f084,INVALIDATED,FE-1412 QA contamination (T1/T2/T3 fingerprint),False,app_rel,attempt_standard,0.0000,before_after,mastery-v1.3.1,cc88dc61-2d55-443b-8f83-a220b9f2c049,ea265449-132f-45b4-98ac-e1345489b0d9,{'value': 65},0,2026-10-04T04:12:44.156304+00:00
da8ea5be-5952-4e69-a3bb-41e8eecb2d4d,INVALIDATED,FE-1412 QA contamination (T1/T2/T3 fingerprint),False,app_rel,attempt_standard,1.0000,before_after,mastery-v1.3.1,b1bfd61c-ea77-4ea5-acaf-92f7e77a3434,197013c8-e077-4121-b9ce-41302529bc46,{'value': 75},0,2026-10-04T04:12:45.602870+00:00
b7555c0d-ddc3-4e07-8acc-c195fa64b216,INVALIDATED,FE-1412 QA contamination (T1/T2/T3 fingerprint),False,app_rel,attempt_standard,1.0000,before_after,mastery-v1.3.1,f5048495-bcc1-4dff-9460-b799fa7304d3,c9bd6516-1ab7-4798-9ce4-18363bd71011,{'value': 75},0,2026-10-04T04:12:49.134114+00:00
8b6e63c2-e5dc-49fb-9cfa-e23bc2857cd0,INVALIDATED,FE-1412 QA contamination (T1/T2/T3 fingerprint),False,app_rel,attempt_standard,1.0000,before_after,mastery-v1.3.1,7900d65f-99f6-4659-9471-114a0f1ff505,ea7a914f-f98f-4abe-9b39-8f49d6111688,{'value': 75},0,2026-10-04T04:12:50.894283+00:00
e1bde611-08f4-4861-8547-1adafda5dcbd,INVALIDATED,FE-1412 QA contamination (T1/T2/T3 fingerprint),False,app_rel,attempt_standard,1.0000,before_after,mastery-v1.3.1,370121c6-b2fe-4079-a2be-8c76f54aed76,ec044275-a4af-4463-a1ec-f53201daf218,{'value': 75},0,2026-10-04T04:12:51.792253+00:00
cfe2bd80-f776-4033-ac0c-a123ea8a70bd,INVALIDATED,FE-1412 QA contamination (T1/T2/T3 fingerprint),False,app_cond,retention_check,0.0000,,mastery-v1.3.1,a9c8acab-df18-4f3b-ae6d-caf2429e88a5,88e9e5d9-5464-496d-ad15-a74c1ac9bd5e,3,0,2026-10-04T04:12:52.920024+00:00
fc2bb03e-9c86-4879-8c3a-620387d2b81f,REAL,,True,app_rel,attempt_standard,1.0000,comparison,mastery-v1.3.1,59209012-c90c-4ae5-8f72-b68da123cf78,3d1cac96-29c6-4bff-9117-d873a86cc216,3,0,2026-10-04T04:34:10.583802+00:00
0eb8a284-de9f-4f1c-9cfe-141eecca570b,REAL,,True,app_rel,attempt_standard,1.0000,before_after,mastery-v1.3.1,59209012-c90c-4ae5-8f72-b68da123cf78,dd052958-f8bb-4360-997d-913bd7654d03,7,0,2026-10-04T04:34:27.299218+00:00
522aa202-9d6e-44f1-a80e-368bca495216,REAL,,True,app_rel,attempt_standard,1.0000,before_after,mastery-v1.3.1,59209012-c90c-4ae5-8f72-b68da123cf78,d6f788aa-9a19-4bcc-aa87-3f4d75501425,8,0,2026-10-04T04:34:46.969065+00:00
18f271fb-f820-4fce-bbde-a140fe644df3,INVALIDATED,FE-1412 QA contamination (T1/T2/T3 fingerprint),False,app_rel,attempt_standard,0.0000,comparison,mastery-v1.3.1,a185f87b-fcf3-4115-b529-23fbbe7ce09c,eae5d2e2-b7ba-4fd1-8333-e73a6a1916fb,{'value': 999},0,2026-10-04T04:36:46.598296+00:00
6148253b-1286-41f0-a102-7c4b23a14e27,INVALIDATED,FE-1412 QA contamination (T1/T2/T3 fingerprint),False,app_rel,attempt_standard,0.0000,comparison,mastery-v1.3.1,b5afc70f-189e-451a-8fe7-3003b2cabd93,8efad254-46d8-43a2-80af-ff8eb8fa50c0,{'value': 999},0,2026-10-04T04:36:47.385110+00:00
1ee8df03-7f3e-42ca-96e8-b061a58db17d,INVALIDATED,FE-1412 QA contamination (T1/T2/T3 fingerprint),False,app_rel,retention_check,0.0000,comparison,mastery-v1.3.1,79db7d89-e6aa-40bb-bede-a0a1cc90c8ee,453a3cce-9aa6-4ad2-9a79-9022a0d52616,{'value': 999},0,2026-10-04T04:37:00.661666+00:00
54084580-a115-406f-9778-74ac57ef6804,INVALIDATED,FE-1412 QA contamination (T1/T2/T3 fingerprint),False,app_rel,retention_check,0.0000,comparison,mastery-v1.3.1,e173d6dc-ccfb-4381-bd5d-0e96eba623f7,fa7b310e-36fa-4ece-9b9f-635156f76b9f,{'value': 999},0,2026-10-04T04:37:01.435728+00:00
dc3f6f29-e3fc-4ec3-9a31-53a9e21629c7,INVALIDATED,FE-1412 QA contamination (T1/T2/T3 fingerprint),False,app_rel,attempt_standard,0.0000,comparison,mastery-v1.3.1,7d9a5941-eb79-4272-b041-c21118335cb3,0ba8070e-aed8-41b9-810a-0f0b93ca6a63,{'value': 999},0,2026-10-04T04:37:12.493276+00:00
a67c5c71-f218-4a90-bc2c-8e030e5f85df,INVALIDATED,FE-1412 QA contamination (T1/T2/T3 fingerprint),False,app_rel,retention_check,0.0000,comparison,mastery-v1.3.1,b22b36d5-6bb9-4a97-a7f9-1b118c2fdc55,093d0860-6f6b-4762-a036-cdacce72c4b2,{'value': 999},0,2026-10-04T04:37:13.175442+00:00
962d8f55-2db0-4f6a-bf8c-5aedb60fea42,INVALIDATED,FE-1412 QA contamination (T1/T2/T3 fingerprint),False,app_rel,attempt_standard,0.0000,before_after,mastery-v1.3.1,f0f24b1c-0c85-4766-baf5-1c438c02592c,b942261e-5f7d-4b5b-a526-a7fa47c39248,{'value': 65},0,2026-10-04T04:38:48.778742+00:00
190c6826-6f15-4496-9ba7-fd9a515d7103,INVALIDATED,FE-1412 QA contamination (T1/T2/T3 fingerprint),False,app_rel,attempt_standard,1.0000,before_after,mastery-v1.3.1,41266e29-0659-4890-be2a-174522f049e3,c6b02098-32c5-4f46-af84-bc35b21244c1,{'value': 75},0,2026-10-04T04:38:49.726881+00:00
b60aed1a-90d2-4afe-a087-15fc29bbd61b,INVALIDATED,FE-1412 QA contamination (T1/T2/T3 fingerprint),False,app_rel,attempt_standard,0.0000,before_after,mastery-v1.3.1,99290a8d-5c8d-456a-ae2b-2d653e621095,481b7f21-c662-4595-9623-4c02e520d32e,{'value': 65},0,2026-10-04T04:38:50.689596+00:00
e0b05a39-e7f6-4a75-856a-cc1c7b5622dc,INVALIDATED,FE-1412 QA contamination (T1/T2/T3 fingerprint),False,app_rel,attempt_standard,1.0000,before_after,mastery-v1.3.1,318cf2e1-07ba-4463-85b0-7a8e1e26494e,5dc88681-9fc3-4440-a6c5-264e143253e1,{'value': 75},0,2026-10-04T04:38:52.297247+00:00
bac1cdfe-e63b-4611-8b62-4b27fb57a70e,INVALIDATED,FE-1412 QA contamination (T1/T2/T3 fingerprint),False,app_rel,attempt_standard,1.0000,before_after,mastery-v1.3.1,e58ce00d-d69d-4094-ba24-68c63db3ae23,a7bc5c5d-0f90-41a7-bb65-a24872b9e3be,{'value': 75},0,2026-10-04T04:38:55.401265+00:00
4f6b381d-dab1-4007-be81-9c8b5fc86362,INVALIDATED,FE-1412 QA contamination (T1/T2/T3 fingerprint),False,app_rel,attempt_standard,1.0000,before_after,mastery-v1.3.1,b1f41bea-4ad3-4b77-813a-574211b0dc6e,a6a92ad5-9202-466e-8666-6bdf16e65a13,{'value': 75},0,2026-10-04T04:38:57.029031+00:00
82e287d1-aef3-4318-83b8-685146f07ecf,INVALIDATED,FE-1412 QA contamination (T1/T2/T3 fingerprint),False,app_cond,retention_check,0.0000,,mastery-v1.3.1,d8496802-6417-4f44-8dce-fc9c11fcfdbd,27a201da-0882-4380-9646-bff2e54a395f,3,0,2026-10-04T04:39:30.125556+00:00
0809795e-fe26-403b-8891-2b48a1c45a36,INVALIDATED,FE-1412 QA contamination (T1/T2/T3 fingerprint),False,app_rel,attempt_standard,0.0000,before_after,mastery-v1.3.1,de501019-50d2-455d-a7f3-96e82e5a3f64,96e5721c-ea1c-4311-9fb7-2937a9a8fa74,{'value': 65},0,2026-10-04T04:46:28.852059+00:00
154c7204-743e-4539-a5f3-7ffd3a5ab720,INVALIDATED,FE-1412 QA contamination (T1/T2/T3 fingerprint),False,app_rel,attempt_standard,1.0000,before_after,mastery-v1.3.1,84f7acc6-a603-4d26-8fb3-170b9389b2aa,c14070bc-ebc8-4eaa-bd7b-3a99b6c4f678,{'value': 75},0,2026-10-04T04:46:29.776768+00:00
f1d64060-525e-407a-8b57-ba67807ba0ce,INVALIDATED,FE-1412 QA contamination (T1/T2/T3 fingerprint),False,app_rel,attempt_standard,0.0000,before_after,mastery-v1.3.1,b7a55acc-8cc6-4eb6-87f8-44d7e0585335,8c61471b-6c43-459e-a22e-15563ff5b301,{'value': 65},0,2026-10-04T04:46:30.595929+00:00
ed512512-6ff7-4104-a1d3-9e64a2534b06,INVALIDATED,FE-1412 QA contamination (T1/T2/T3 fingerprint),False,app_rel,attempt_standard,1.0000,before_after,mastery-v1.3.1,991cd698-688d-4d36-bc0a-dbd5e389c4b2,a8b4a54f-01d7-4869-a9d6-a7caa3a082f1,{'value': 75},0,2026-10-04T04:46:32.043724+00:00
158a518d-23e9-47f6-a736-6292eabfcb54,INVALIDATED,FE-1412 QA contamination (T1/T2/T3 fingerprint),False,app_rel,attempt_standard,1.0000,before_after,mastery-v1.3.1,83854f5c-7cdd-44cf-bff7-fcdbc021d0cb,16214f16-6334-495b-ad29-f60a071ee6db,{'value': 75},0,2026-10-04T04:46:35.129130+00:00
a3869892-c8bd-4dd7-8d3e-4567bab176f4,INVALIDATED,FE-1412 QA contamination (T1/T2/T3 fingerprint),False,app_rel,attempt_standard,1.0000,before_after,mastery-v1.3.1,ca0f05a9-6fc6-4871-a9a0-a50888f25c54,d6e4ab56-5318-4bd1-99bf-a4c7154c7329,{'value': 75},0,2026-10-04T04:46:36.752717+00:00
931108be-3f51-4ebf-831e-7e47452673eb,INVALIDATED,FE-1412 QA contamination (T1/T2/T3 fingerprint),False,app_rel,attempt_standard,1.0000,before_after,mastery-v1.3.1,e24fcd5b-3911-43e6-a8b0-efa0d88935ca,54dcff82-0692-4984-ae49-c033b373196a,{'value': 75},0,2026-10-04T04:46:38.554889+00:00
eaf39a8c-fc15-45f0-be17-948209bbd00d,INVALIDATED,FE-1412 QA contamination (T1/T2/T3 fingerprint),False,app_cond,attempt_standard,0.0000,,mastery-v1.3.1,9d165395-755b-4feb-8802-12e33bb7a5a6,35f556da-b3ab-4f55-9cea-a226e8b37c4a,3,0,2026-10-04T04:46:39.908546+00:00
75597370-a305-4e78-bbee-e072a556d0bf,INVALIDATED,FE-1412 QA contamination (T1/T2/T3 fingerprint),False,app_rel,attempt_standard,0.0000,before_after,mastery-v1.3.1,299dc986-0f9f-4def-bfbb-3589c830600a,2a5c08db-2187-4275-93ab-7973fef17f80,{'value': 65},0,2026-10-04T05:37:29.594162+00:00
00769752-09dc-451b-a83b-eb9606843fc4,INVALIDATED,FE-1412 QA contamination (T1/T2/T3 fingerprint),False,app_rel,attempt_standard,1.0000,before_after,mastery-v1.3.1,b8138bbd-c73a-4630-bb7e-fdc329bdc335,1284c44f-b76f-404b-99d1-a8ac77f7212c,{'value': 75},0,2026-10-04T05:37:30.963605+00:00
93fc93bb-c162-48f0-8306-eae803c5835f,INVALIDATED,FE-1412 QA contamination (T1/T2/T3 fingerprint),False,app_rel,attempt_standard,0.0000,before_after,mastery-v1.3.1,b53aa89a-d8e5-4177-942e-7f576459db45,e2382298-3c15-47e4-b1c9-e0568f8df2c9,{'value': 65},0,2026-10-04T05:37:32.190435+00:00
0069a139-3b01-4704-8f67-ad6bba6631aa,INVALIDATED,FE-1412 QA contamination (T1/T2/T3 fingerprint),False,app_rel,attempt_standard,1.0000,before_after,mastery-v1.3.1,759400fd-7b1a-4091-908d-b9069e4bbe44,b39bf4a9-ef26-4e00-bacb-b5d96843ff69,{'value': 75},0,2026-10-04T05:37:35.698790+00:00
760c8799-f2f0-4340-8b12-7fa317cd6ca0,INVALIDATED,FE-1412 QA contamination (T1/T2/T3 fingerprint),False,app_rel,attempt_standard,1.0000,before_after,mastery-v1.3.1,66ee81e5-0b0a-4108-aa11-24496db4d074,035503d5-c59a-4bbe-bb9d-47a03605be49,{'value': 75},0,2026-10-04T05:37:41.108123+00:00
0ea1db80-d3c3-4eb1-b244-ee2d45686518,INVALIDATED,FE-1412 QA contamination (T1/T2/T3 fingerprint),False,app_rel,attempt_standard,1.0000,before_after,mastery-v1.3.1,aa5eaf98-c8b4-4f2e-b78a-ba8e03815adb,444c46f7-bf90-4e67-90a8-0fd86e14e551,{'value': 75},0,2026-10-04T05:37:44.968395+00:00
ad0ac7fc-9d29-429f-97e4-a262a6ae503d,INVALIDATED,FE-1412 QA contamination (T1/T2/T3 fingerprint),False,app_rel,attempt_standard,1.0000,before_after,mastery-v1.3.1,7a9f9229-1712-45ad-9f90-cb11d7eb146e,68ddfa88-bb4f-4d55-9401-c1e9ae48bde7,{'value': 75},0,2026-10-04T05:37:53.739866+00:00
a1a10aa1-bde1-4d66-9837-375c234b8598,INVALIDATED,FE-1412 QA contamination (T1/T2/T3 fingerprint),False,app_cond,retention_check,0.0000,,mastery-v1.3.1,4d4d4979-0853-451b-aa4d-808c075cb63f,8fd79c8a-907e-4411-9b8e-c0dc77fd40b6,3,0,2026-10-04T05:37:56.860614+00:00
772a5f2f-dbb5-42a3-a74c-8ac87874b4e0,REAL,,True,app_rel,attempt_standard,1.0000,comparison,mastery-v1.3.1,647bd2ec-0451-4807-bcda-3e9564f003eb,ab966005-de36-4d91-90e8-5c2c31d05fde,3,0,2026-10-04T05:41:42.811938+00:00
29a5db01-a42d-4f2e-8cd5-fa418c8a8133,REAL,,True,app_rel,attempt_standard,1.0000,before_after,mastery-v1.3.1,647bd2ec-0451-4807-bcda-3e9564f003eb,d7202c6c-8e8f-4eb9-86c7-6e62fdfb6696,7,0,2026-10-04T05:41:54.474184+00:00
e08c3ffe-51f9-4ed3-ada3-57aacf19c66b,REAL,,True,app_rel,attempt_standard,1.0000,before_after,mastery-v1.3.1,647bd2ec-0451-4807-bcda-3e9564f003eb,1514acc1-8d5a-4db8-8dfd-d2eb3b23eef8,8,0,2026-10-04T05:42:14.638079+00:00
